area,ward,winner,party,votes
Arikulam,1,Anapoyil Gangadharan,CPI(M),477
Arikulam,2,C K Narayanan,CPI(M),572
Arikulam,3,Suresh D,CPI(M),719
Arikulam,4,P T Devi,CPI(M),668
Arikulam,5,Varappurathu Laila,CPI(M),403
Arikulam,6,S Muralledharan,INC,354
Arikulam,7,Sasi E K,INC,541
Arikulam,8,K M Appu Nair,JD(S),537
Arikulam,9,Madathil Suresh Babu,DIC(K),446
Arikulam,10,C Prabhakaran,CPI(M),404
Arikulam,11,P Geethadevi,CPI(M),497
Arikulam,12,P V Komalavalli,CPI(M),463
Atholi,1,Paloral Kunjikkannan,CPI(M),644
Atholi,2,Bhaskaran Nair,DIC(K),685
Atholi,3,Sasi Moodakkuzhiyil,CPI(M),658
Atholi,4,Sugathakumari M,CPI(M),706
Atholi,5,C D Vimala,CPI(M),471
Atholi,6,N D Bindu,CPI(M),569
Atholi,7,Meledathu Mansoor,CPI(M),639
Atholi,8,A K Rajan,CPI(M),691
Atholi,9,P Viswanadan,JD(S),492
Atholi,10,Kolangara Thezha Ajitha,CPI(M),490
Atholi,11,Vazhakkayil Thazhakuni Narayanan,CPI(M),552
Atholi,12,Asokan,CPI(M),459
Atholi,13,K K Sobha,CPI(M),513
Atholi,14,Eramacham Kandy Achuthan,DIC(K),698
Atholi,15,Shyna Tharamalayil,NCP,635
Atholi,16,N V Mohan,CPI(M),556
Ayancheri,1,V .P. Geetha,INC,592
Ayancheri,2,T.B .Manaph Master,ML,633
Ayancheri,3,K.V.Hajara Teacher,ML,647
Ayancheri,4,Vellilattu Sara,ML,578
Ayancheri,5,C.V.Kunchiraman Master,CPI,569
Ayancheri,6,Kalathill Abdulla Master,INC,556
Ayancheri,7,Dhayanandhan Parakandi,INC,502
Ayancheri,8,Arayakkool Santha,INC,469
Ayancheri,9,Nochadu Kunjabdulla,ML,655
Ayancheri,10,Mampathu Kannan,CPI(M),638
Ayancheri,11,T.V.Kunchiraman Master,NCP,777
Ayancheri,12,Thayil Asya Teacher,ML,473
Ayancheri,13,K.P. Baburaj,CPI(M),605
Ayancheri,14,P.K Sajitha,CPI(M),761
Ayancheri,15,Ayyanadu Padmanabha Kurup,JD(S),622
Ayancheri,16,K.M. Kuchiraman Master,CPI(M),685
Azhiyur,1,C P Ali,ML,541
Azhiyur,2,Punathil Nazar,CPI(M),380
Azhiyur,3,Thottathil Mahija,INC,440
Azhiyur,4,Kunnumadathil Nalini,CPI(M),505
Azhiyur,5,Thottathil Sasidharan,INC,482
Azhiyur,6,P Sreedharan,CPI(M),511
Azhiyur,7,Ayisha Ummer,ML,563
Azhiyur,8,Karodi Praseetha,CPI(M),407
Azhiyur,9,K V Prakasan,CPI(M),707
Azhiyur,10,P P Sreedharan,CPI(M),830
Azhiyur,11,M P Kumaran,JD(S),453
Azhiyur,12,A T Sreedharan,JD(S),480
Azhiyur,13,C H Yamuna Teacher,JD(S),508
Azhiyur,14,Malayekkal Anithakumari,INC,657
Azhiyur,15,Maliyekkal Prasad,BJP,259
Azhiyur,16,Chalinmel Sajeevan,INDEPENDENT,616
Azhiyur,17,P K Salim,ML,355
Balusseri,1,N K Madavan Nair,CPI(M),730
Balusseri,2,Shyamala Puthukundikandy,CPI(M),634
Balusseri,3,Kamala Thaikandy,JD(S),678
Balusseri,4,K Abdul Gafur,CPI(M),675
Balusseri,5,Kinarullathil Chandran,INDEPENDENT,553
Balusseri,6,V B Vijeesh,INC,625
Balusseri,7,Sobhana Kinattinkara,BJP,589
Balusseri,8,Jyothi Illathu Padikkal,NCP,432
Balusseri,9,Mallika Kuttakkil,CPI(M),494
Balusseri,10,Sheeba Edavalathu,CPI(M),535
Balusseri,11,Parackal Balan,DIC(K),644
Balusseri,12,Abdul Basheer N V,INC,523
Balusseri,13,A P Prakasan,INC,448
Balusseri,14,K K Rajan,INDEPENDENT,564
Balusseri,15,Pringini Madavan,NCP,696
Balusseri,16,N P Nadeesh Kumar,CPI(M),710
Beypore,1,Ponnathu Peethambharan,CPI(M),749
Beypore,2,Mullasserry Ramlabee,INL,747
Beypore,3,T.V. Abdul Azeez,CPI(M),984
Beypore,4,K.Kunjamutti,CPI(M),854
Beypore,5,Malayil Mini,CPI(M),934
Beypore,6,P. Radhakrishnan,CPI(M),757
Beypore,7,A.K. Sujatha,CPI,718
Beypore,8,Madhavadas P,INC,681
Beypore,9,K Sylaja,CPI(M),923
Beypore,10,K Venugopal (Unni),INC,548
Beypore,11,Punar Valappil Salim,ML,818
Beypore,12,Thottunkal Rajan,CPI(M),907
Beypore,13,Kallai Prasanna,CPI(M),667
Beypore,14,Rajeev K,CPI(M),465
Beypore,15,P Chandran,CPI(M),641
Beypore,16,K Anilkumar,CPI(M),927
Beypore,17,N Sobhana,CPI(M),1116
Beypore,18,Cherothu Prakasan,CPI(M),378
Beypore,19,Kalathumarathu Ramesan,INC,266
Beypore,20,Arikkanattu Radhakrishnan,INC,540
Beypore,21,P V Suhara,CPI(M),914
Beypore,22,Thekkethodi Manohari,CPI(M),779
Chakittapara,1,Pradeepan,CPI(M),454
Chakittapara,2,K M Josukutty Kanjirakkattu Thottiyil,INC,804
Chakittapara,3,Valsamma,INC,439
Chakittapara,4,P V Narayani,INC,418
Chakittapara,5,James Mathew,INC,494
Chakittapara,6,Sunil,CPI(M),625
Chakittapara,7,Manjusha Thevarkkattil,CPI(M),473
Chakittapara,8,Surajan,CPI(M),432
Chakittapara,9,Prakash,INC,663
Chakittapara,10,P R Prasannan,INC,537
Chakittapara,11,Manackal Sujatha,CPI(M),589
Chakittapara,12,Joy Kanakkanjery,DIC(K),598
Chakittapara,13,Varghese Cheriyan Mukkallil,INC,625
Chakittapara,14,Puthalathu Santha,CPI(M),601
Changaroth,1,Aneri Nazeer,ML,617
Changaroth,2,Kattan Kottummal Asokan,DIC(K),585
Changaroth,3,Mandayullathil Balan,INC,668
Changaroth,4,Kuttikkunnummal Bharathi,CPI,610
Changaroth,5,Vellachal Rani George,INC,461
Changaroth,6,P C Kunjikkannan,CPI(M),509
Changaroth,7,Thiruvamangalathu Abdul Azeez,ML,550
Changaroth,8,Karuvan Tharemmal Moideen,ML,522
Changaroth,9,Eramthottathil Sareesh,INC,333
Changaroth,10,Mery Kuryakkose Konotharakkunnu,INC,643
Changaroth,11,Pullakkunnathu Ibrayi,ML,540
Changaroth,12,S P Kunjummad Srabhi Parambhil,ML,568
Changaroth,13,Souda Pilacheri,ML,529
Changaroth,14,K V Kunjikannan Puliyath,CPI(M),491
Changaroth,15,Malupoyil Moli,CPI(M),543
Changaroth,16,N P Vijayan Naduvilidam Parambhu,INC,610
Changaroth,17,K Sadanandan Kappummal,INC,444
Changaroth,18,Sailaja Puthukkodu,INC,580
Chathamangalam,1,Koovakandi Rahiya,ML,548
Chathamangalam,2,Puthukuziyil Sunitha,CPI(M),687
Chathamangalam,3,T P Homsa Parammal,INDEPENDENT,586
Chathamangalam,4,Kandiyil Subidha,ML,495
Chathamangalam,5,Anila Pettuthadayil,ML,348
Chathamangalam,6,Gangadharan Punnattupurathu,CPI(M),646
Chathamangalam,7,Vattakandiyil Sukumaran,CPI(M),757
Chathamangalam,8,Ad  P Chathukutty,NCP,428
Chathamangalam,9,Valasala E P,INDEPENDENT,571
Chathamangalam,10,N M Hussain,ML,681
Chathamangalam,11,M V Saleemath,ML,599
Chathamangalam,12,Usha Puthakunnathu,CPI(M),504
Chathamangalam,13,K E Rajagopalan,CPI(M),671
Chathamangalam,14,Athiyakuzyil Raveendran,INC,598
Chathamangalam,15,Sahadevan Mekkedameethal,CPI(M),840
Chathamangalam,16,Shyfu P Cheriyachappangal,CPI(M),692
Chathamangalam,17,Unnikrishnan M k,INC,510
Chathamangalam,18,Haridasan kallathukuzhi,JD(S),548
Chathamangalam,19,Raveendran Pulparambil,JD(S),632
Chathamangalam,20,Shobhana Sindooram,INDEPENDENT,393
Chathamangalam,21,yoogesh Babu,INDEPENDENT,689
Chathamangalam,22,Kizhakkayil Rukiya,ML,508
Chekkiad,1,M K Sabira,ML,542
Chekkiad,2,K Chandrika Teacher,INC,521
Chekkiad,3,Parayidukkil Kumaran,CPI(M),580
Chekkiad,4,Eranjatti Asokan,CPI(M),549
Chekkiad,5,Rajeev Puthussery,DIC(K),556
Chekkiad,6,Mundoli Tharuvy,DIC(K),526
Chekkiad,7,Abdulla Kundunkara,ML,592
Chekkiad,8,A P Subaida yoosaf,ML,473
Chekkiad,9,Abdulla Vayaloli,ML,507
Chekkiad,10,Poyil Hareendran,ML,534
Chekkiad,11,Abdulla Karindrankode,ML,572
Chekkiad,12,B P Moosa,ML,667
Chekkiad,13,Kottarath Naseema,ML,634
Chekkiad,14,P K Sabira,ML,634
Chelannur,1,Cherupoyil Vanaja,CPI(M),502
Chelannur,2,Sabitha,DIC(K),539
Chelannur,3,C P Rajajn Chevam Punathil,DIC(K),445
Chelannur,4,K P Muhammed Koaya,JD(S),310
Chelannur,5,Kalangandu Reena,NCP,566
Chelannur,6,Vasu Mullasseri,JD(S),493
Chelannur,7,Gouri Puthiyottu,INC,466
Chelannur,8,Raghunathadan mandasseri,DIC(K),567
Chelannur,9,Hassan Odiyam Valli,CPI(M),758
Chelannur,10,Kollarukandiyil Suresh Babu,CPI(M),564
Chelannur,11,K.T.Sathyan,DIC(K),845
Chelannur,12,Melekoyambrathu Rajendran,CPI(M),677
Chelannur,13,Korambachu kuzhiyil Anoopkumar,INC,486
Chelannur,14,Kunniyadanparambathu Kamala,CPI(M),611
Chelannur,15,Pradeena anakkamparambathu,DIC(K),707
Chelannur,16,Nadukandimeethal Gopalan,CPI(M),612
Chelannur,17,Nettadiyil Premaleela,CPI(M),553
Chelannur,18,Sanila E T,DIC(K),712
Chelannur,19,T K Somanathan,CPI(M),620
Chelannur,20,Pulari velayudhan,CPI(M),900
Chemanachery,1,Sathi Kizhakkayil,CPI(M),707
Chemanachery,2,Melathuru Rajan,JD(S),516
Chemanachery,3,E Anilkumar,CPI(M),774
Chemanachery,4,Valappil Mohanan,JD(S),557
Chemanachery,5,A M Muthoran,CPI(M),675
Chemanachery,6,Raghavan Nair Perumkuni,CPI(M),609
Chemanachery,7,R P Valsala,CPI(M),554
Chemanachery,8,Babu Kullur,JD(S),564
Chemanachery,9,Panakattu Sulochana,CPI(M),655
Chemanachery,10,P C Sathhesh Chandran,CPI(M),791
Chemanachery,11,K T Velayudhan,CPI(M),703
Chemanachery,12,Suhara Mehabub,ML,520
Chemanachery,13,Reena Thekkeponnnodi,CPI(M),526
Chemanachery,14,Vanitha,CPI(M),547
Chemanachery,15,V Gopalan Master,CPI(M),636
Chemanachery,16,K K Kesavan,CPI(M),520
Chemanachery,17,Suhara Muhammadali,ML,663
Chemanachery,18,P P Sreeja Kiliyadathu poyil,INDEPENDENT,545
Chemanachery,19,Peruvayal kuni Gopalan,INC,473
Chengottukavu,1,Mavulli Purathoot Sudha,INC,354
Chengottukavu,2,V M Gangadharan,CPI(M),556
Chengottukavu,3,Biji M V,CPI(M),492
Chengottukavu,4,Satheesan Kooniyil,BJP,517
Chengottukavu,5,Pushpavalli K,INDEPENDENT,516
Chengottukavu,6,Vayalakuni Soumini,INC,487
Chengottukavu,7,Balakrishnan P,CPI(M),752
Chengottukavu,8,Pokkeri Krishnan,DIC(K),493
Chengottukavu,9,Kuttikrishnan T,CPI(M),593
Chengottukavu,10,Kanma Sreedharan,CPI(M),511
Chengottukavu,11,V V Abdul Rasheed,ML,471
Chengottukavu,12,K Geethanandhan,CPI(M),328
Chengottukavu,13,Kanakkasseri Sahadevan,DIC(K),620
Chengottukavu,14,Hameed Press Valappil,ML,480
Chengottukavu,15,Naduvilangandi Sarojini,DIC(K),439
Chengottukavu,16,Sainaba Moonnukudikkal,ML,508
Cheruvannur,1,K K Vanaja,CPI(M),623
Cheruvannur,2,Koyilothu Nafeeza,CPI(M),485
Cheruvannur,3,Koyilothu Gangadharan,CPI,594
Cheruvannur,4,K K Balakrishnan,JD(S),592
Cheruvannur,5,D Kunjikrishnan (Anjali),CPI(M),611
Cheruvannur,6,C D Prabhakarakkurup,INC,561
Cheruvannur,7,K C Sumalini,NCP,543
Cheruvannur,8,R Sasi,CPI,619
Cheruvannur,9,Manilal M M,JD(S),359
Cheruvannur,10,K V Sujatha,DIC(K),495
Cheruvannur,11,Ramadevi Nagathuthazhe,JD(S),438
Cheruvannur,12,N Narayanan Master,CPI(M),544
Cheruvannur,13,A K M Rajan,CPI(M),530
Cheruvannur,14,C M Babu,CPI(M),594
Cheruvannur Nallalom,1,Abdhu Rahiman Pulingacheri,CPI(M),369
Cheruvannur Nallalom,2,Rajula Sainudeen,CPI(M),849
Cheruvannur Nallalom,3,K M Rafeek,CPI(M),1104
Cheruvannur Nallalom,4,V P Alikkoyya,ML,740
Cheruvannur Nallalom,5,M Kunjamutti,ML,897
Cheruvannur Nallalom,6,Kathalattu Prakasan,CPI(M),725
Cheruvannur Nallalom,7,Khadeeja Pokker,ML,660
Cheruvannur Nallalom,8,Musalam Veettil Asma,ML,663
Cheruvannur Nallalom,9,P C Rajan,CPI(M),1443
Cheruvannur Nallalom,10,Kuniyil Muhammed,CPI(M),1043
Cheruvannur Nallalom,11,Nikkam Parampathu Retnakaran,DIC(K),636
Cheruvannur Nallalom,12,Sisily Teacher,NCP,550
Cheruvannur Nallalom,13,Shali,DIC(K),368
Cheruvannur Nallalom,14,Lalitha Teacher,INDEPENDENT,599
Cheruvannur Nallalom,15,Ayanikkadu Unnikrishnan,INC,642
Cheruvannur Nallalom,16,Sivadasan D,INC,525
Cheruvannur Nallalom,17,Chirthrampattu Baburajan,CPI(M),633
Cheruvannur Nallalom,18,Kollampalathu Sathyabhama,NCP,684
Cheruvannur Nallalom,19,E Jayachandran,CPI(M),738
Cheruvannur Nallalom,20,Maimoona Teacher,ML,510
Cheruvannur Nallalom,21,K P Abdul Hasim,CPI(M),865
Cheruvannur Nallalom,22,U Pokker,ML,450
Chorode,1,Chandran Alamkandi,CPI(M),662
Chorode,2,P Kunjappa Master,CPI(M),579
Chorode,3,K Rakhavan,CPI(M),776
Chorode,4,Radha Nadukkandiyil,CPI(M),782
Chorode,5,Sreedharan E,JD(S),741
Chorode,6,T M Rajan,CPI(M),614
Chorode,7,P T Thankamani,JD(S),471
Chorode,8,K M Chandri,CPI(M),744
Chorode,9,Rajesh Thazhekoomulli,INC,557
Chorode,10,R K Vanaja,JD(S),566
Chorode,11,P K Narayanan,CPI(M),611
Chorode,12,Premakumari K S Pullanjoli,CPI(M),794
Chorode,13,C Subhash Chandran,CPI(M),515
Chorode,14,V K Govindan,CPI(M),666
Chorode,15,Shyma P K,CPI(M),639
Chorode,16,Kaithayil Prakasan,JD(S),880
Chorode,17,P V Ismail,INL,557
Chorode,18,T V Balan Master,CPI(M),601
Chorode,19,Girija K P,CPI(M),577
Chorode,20,V C Jameela,ML,597
Edacheri,1,Kunjikkannan Kuniyathil,CPI(M),698
Edacheri,2,Kunjiraman P K,CPI(M),774
Edacheri,3,Gopalan K P,JD(S),549
Edacheri,4,Narayanan K,JD(S),568
Edacheri,5,Sreedharan P P,CPI(M),611
Edacheri,6,Madhavi Panolikkuniyil,CPI(M),872
Edacheri,7,Leela K C,CPI,575
Edacheri,8,Leela Meethale Thoovantevida,CPI(M),581
Edacheri,9,Chathu M P,CPI(M),567
Edacheri,10,Rakhavan K,CPI(M),573
Edacheri,11,Cheeru Kunnummal,CPI(M),622
Edacheri,12,Kunjikkannan V,CPI(M),815
Edacheri,13,Balakrishnan V,CPI(M),891
Edacheri,14,Rasheed Master V,CPI,493
Edacheri,15,Geetha T K,CPI(M),636
Edacheri,16,Vasantha E,CPI(M),962
Elathur,1,Usha Reghu,INC,578
Elathur,2,Babu Kattayil,CPI(M),666
Elathur,3,Hassensha Pumakothu,CPI,431
Elathur,4,Sreelesh O K,CPI(M),734
Elathur,5,Leela Arathinni,CPI(M),561
Elathur,6,Babu Keepoiyil,INC,556
Elathur,7,AjithKumar V,CPI(M),634
Elathur,8,Babu G Kulathumpurathu,DIC(K),707
Elathur,9,Sivadasan Kodamana,JD(S),530
Elathur,10,Prakasan,CPI(M),430
Elathur,11,Sathar Paikattu,INC,552
Elathur,12,Udayakumari K,NCP,624
Elathur,13,Manoj,CPI(M),729
Elathur,14,Mohanan C,INDEPENDENT,521
Elathur,15,Subhadra Teacher,INC,530
Elathur,16,Vasanthi K P,CPI(M),657
Elathur,17,Arundhathi Madhavan C P,BJP,912
Elathur,18,Ashalatha Janardhanan,BJP,910
Elathur,19,Mohandas V K,CPI(M),871
Elathur,20,Ratheesh K,CPI(M),797
Elathur,21,Pushpavathi Koyamakandi,CPI(M),604
Elathur,22,Abdul Karim,ML,538
Eramala,1,Raghavan Master M K,CPI(M),848
Eramala,2,Janu K,CPI(M),898
Eramala,3,Balan Appoyil,CPI(M),863
Eramala,4,Manoj Kumar K K,JD(S),667
Eramala,5,Santhosh kumar V K,JD(S),674
Eramala,6,Sankaran T T,CPI(M),737
Eramala,7,Kumaran Y M,JD(S),571
Eramala,8,Saseendhran Master T N K,JD(S),572
Eramala,9,Bhaskaran M K,JD(S),644
Eramala,10,Usmail Kunjippurayil,DIC(K),609
Eramala,11,Venu N,CPI(M),738
Eramala,12,Geetha Kurungottu,CPI,624
Eramala,13,Baby Balambrath,INC,606
Eramala,14,Balakrishnan Master N,CPI(M),795
Eramala,15,Ramani V O K,JD(S),528
Eramala,16,Lakshmi Kottarath,CPI(M),639
Eramala,17,Sugathakumari K U,CPI(M),665
Eramala,18,Radha P V P,CPI(M),845
Feroke,1,K M Haneefa,ML,765
Feroke,2,Surendran Valiyattil,CPI,689
Feroke,3,Prakash Karuthodathu,NCP,1067
Feroke,4,Abdul Rasak N C,ML,668
Feroke,5,K D Rajani,DIC(K),519
Feroke,6,Jaseena Pandikasala,ML,516
Feroke,7,Azeef,ML,655
Feroke,8,Rasiya Mamokoya,INC,591
Feroke,9,Abdul Azeez,ML,611
Feroke,10,M M Musthafa,JD(S),511
Feroke,11,Kuriyedathu Haridasan,DIC(K),652
Feroke,12,K Gangadharan Enna Sundaran,INDEPENDENT,657
Feroke,13,N P Unnikrishnan,CPI(M),916
Feroke,14,Kodakkadu Ayisha Beevi,ML,693
Feroke,15,Sakeena P P,ML,497
Feroke,16,Sythalavi B,ML,732
Feroke,17,E Babudasan,CPI(M),691
Feroke,18,C V Sarada,CPI(M),954
Feroke,19,Prabhakaran,BJP,646
Feroke,20,K D soudabi,CPI(M),570
Feroke,21,Abdul Jaleel M C,ML,603
Feroke,22,M M Jameela,ML,649
Kadalundi,1,Mayinttakathu Yahiya,CPI(M),679
Kadalundi,2,Thazhathu Veettil Suhara,ML,554
Kadalundi,3,M V Jameela,ML,524
Kadalundi,4,Aripidavil Sidardhan,INDEPENDENT,585
Kadalundi,5,Pachattu Balraj,CPI(M),574
Kadalundi,6,Thirummalammal Smitha,INC,485
Kadalundi,7,Olumpan Kunjanjan,DIC(K),535
Kadalundi,8,Mandakathinkal Purushothaman,CPI(M),592
Kadalundi,9,Pilakkattu Shanmukan,CPI,584
Kadalundi,10,Thacharodi Kuttan,CPI(M),681
Kadalundi,11,Kollachattil  Gopalakrishnan,CPI(M),542
Kadalundi,12,Onnatthra Bhaktha Valsalan,CPI(M),648
Kadalundi,13,Venmani Haridas,CPI(M),676
Kadalundi,14,Cheriyam Parampil Ramadasan,JD(S),543
Kadalundi,15,Kozhippuram Katheeja,CPI(M),389
Kadalundi,16,Onnathara Visvanathan,CPI(M),689
Kadalundi,17,M Moosakkoya (Vice),ML,506
Kadalundi,18,Kuppekkadu Suhara,ML,347
Kadalundi,19,Kakattayil Jyothi Lekshmi,CPI(M),633
Kadalundi,20,Naramchirakkal Azeez (Bappas),ML,504
Kadalundi,21,Vairam Valappil Bichimol,ML,598
Kakkodi,1,Sajithkumar,CPI(M),721
Kakkodi,2,Meyanamannil Prasad,CPI(M),691
Kakkodi,3,Vadakkekara Ramadhasan,CPI(M),661
Kakkodi,4,M Vasumaster,NCP,534
Kakkodi,5,T K Venugopalan,CPI(M),728
Kakkodi,6,Nelleri Balan,CPI(M),661
Kakkodi,7,Kayayttayil Pushapa,CPI(M),799
Kakkodi,8,P M Dharmarajan,CPI(M),873
Kakkodi,9,P M Biju,CPI(M),717
Kakkodi,10,Medayil Nalini,CPI(M),547
Kakkodi,11,Sheeba,CPI(M),816
Kakkodi,12,Prabhavathi Poyilil,DIC(K),512
Kakkodi,13,Mohanan Kaithamoli,DIC(K),532
Kakkodi,14,K Ramakrishnan,CPI(M),602
Kakkodi,15,M Rajendran,CPI(M),711
Kakkodi,16,M A Siraj,CPI(M),786
Kakkodi,17,Latha kanjiroli,CPI(M),
Kakkodi,18,P V Sujatha,CPI(M),811
Kakkodi,19,Aaramkandathil Beena,CPI(M),589
Kakkodi,20,Rajan Valappil,DIC(K),340
Kakkur,1,Girija K A,INDEPENDENT,569
Kakkur,2,Bushra K,INDEPENDENT,509
Kakkur,3,Kannannur Kizhakkathil Krishnankutty,CPI(M),554
Kakkur,4,Muhammed Abbas Panakkil,INDEPENDENT,441
Kakkur,5,Maramveettil Abdul Rahiman,CPI(M),841
Kakkur,6,Sheeba Vadakkiyilathu,INDEPENDENT,615
Kakkur,7,Chandrababu P,JD(S),465
Kakkur,8,Mangattukuzhiyil Santhosh,CPI(M),536
Kakkur,9,C K Vijaya,JD(S),591
Kakkur,10,Chettiamkandi Sivasankaran Nair,CPI(M),597
Kakkur,11,K C Balakrishnan Koduvangachalil,INDEPENDENT,480
Kakkur,12,Bindhu V,JD(S),414
Kakkur,13,Cheruvalathu Biju,CPI(M),564
Kakkur,14,Pookunnummel Kalyanikutty,CPI(M),632
Karasseri,1,Mukkam Muhammed,NCP,543
Karasseri,2,V K Vinod,CPI(M),523
Karasseri,3,C M Pralkashan,CPI(M),571
Karasseri,4,Hamsa Kannattil,CPI(M),614
Karasseri,5,Alex Naduvath,KC(M),421
Karasseri,6,P K Sharadha,CPI,475
Karasseri,7,Mini Kannangara,INDEPENDENT,504
Karasseri,8,Mony Devaraj,CPI(M),601
Karasseri,9,K P Devaki,CPI(M),487
Karasseri,10,Sathyan Mundayil,INC,596
Karasseri,11,Asharaf M T,INC,520
Karasseri,12,Rasheef Enna Soudi Unni,JSS,427
Karasseri,13,Edathil AbdulRahman,CPI(M),560
Karasseri,14,P K Muhammed Master,JD(S),406
Karasseri,15,Puthiyottil Subidha,ML,305
Karasseri,16,Anvar Nedumkunnathu,INC,350
Karasseri,17,Prasannakumari,CPI(M),690
Kattippara,1,K M Balakrishnan,CPI(M),528
Kattippara,2,Beena,INDEPENDENT,273
Kattippara,3,Sali Emmanuval,CPI(M),400
Kattippara,4,E K Agastiyan,INC,372
Kattippara,5,Punnoose,INC,323
Kattippara,6,Sathyan,INDEPENDENT,377
Kattippara,7,Baby Raveendran,CPI(M),475
Kattippara,8,Madariya Jubairiya,CPI(M),383
Kattippara,9,K R Rajan,CPI(M),656
Kattippara,10,Kunji Muhammed,INDEPENDENT,407
Kattippara,11,Abdul karim,INDEPENDENT,346
Kattippara,12,P C Saithuty Haji,ML,364
Kattippara,13,,INDEPENDENT,373
Kattippara,14,Sheebasadanandan,NCP,294
Kavilumpara,1,Shaji Poovattikkal,CPI(M),637
Kavilumpara,2,Vijayan,CPI(M),552
Kavilumpara,3,Sisily,CPI(M),548
Kavilumpara,4,Babu Mathew,DIC(K),389
Kavilumpara,5,Bobi,KC(M),646
Kavilumpara,6,Pushpa,CPI,523
Kavilumpara,7,Joli George,INDEPENDENT,386
Kavilumpara,8,Vasu,INC,403
Kavilumpara,9,Rameshan,CPI(M),584
Kavilumpara,10,P Prabhakaran,CPI(M),669
Kavilumpara,11,Moitheen Kunju,CPI(M),570
Kavilumpara,12,Radha,CPI(M),762
Kavilumpara,13,Vijayalakshmi,DIC(K),622
Kavilumpara,14,K P Ammad,ML,629
Kavilumpara,15,Chandrika,CPI(M),661
Kayakkodi,1,T T Nanu,CPI(M),779
Kayakkodi,2,Reetha K K,JD(S),524
Kayakkodi,3,M K Sasi,CPI(M),924
Kayakkodi,4,K P Balan Master,CPI(M),575
Kayakkodi,5,P Ramla Teacher,ML,470
Kayakkodi,6,P V Moithu,ML,465
Kayakkodi,7,V P Kunjabdulla Master,ML,577
Kayakkodi,8,E Mohanakrishnan,DIC(K),489
Kayakkodi,9,Rashdi N K,ML,401
Kayakkodi,10,P C Ravindran,INC,523
Kayakkodi,11,U V Bindhu,DIC(K),389
Kayakkodi,12,Usha Ponnamkandi,CPI(M),461
Kayakkodi,13,V K Sathyan,INDEPENDENT,541
Kayakkodi,14,Rajeevan Vattaparambath,CPI(M),1083
Kayakkodi,15,P P Nanu,CPI(M),1180
Kayanna,1,M Rishikesan,INC,344
Kayanna,2,K K Narayanan,KC(M),448
Kayanna,3,Thumbhamala Padinjare Chalil Shibhu,INDEPENDENT,379
Kayanna,4,M Ajith Kumar,CPI(M),506
Kayanna,5,George Vettikkattu,CPI(M),430
Kayanna,6,Vadakke Thadathil Balan,INC,499
Kayanna,7,K P Sheebha,CPI(M),421
Kayanna,8,R K Sarada,CPI(M),395
Kayanna,9,O M Kunjikanaran,CPI(M),463
Kayanna,10,V K Padmini,CPI(M),413
Kayanna,11,A C Sathi,CPI(M),454
Kayanna,12,A C Yusuf,CPI(M),375
Keezhariyur,1,Kanaran p k,CPI(M),619
Keezhariyur,2,Kumaran Master Niranjana,CPI(M),726
Keezhariyur,3,Rasak Kulangara Meethal,ML,411
Keezhariyur,4,Chekkotti Eyyalolan Peedika Poyil,CPI(M),494
Keezhariyur,5,Sandhya nivasKunjiraman,CPI(M),519
Keezhariyur,6,T K Narayanan,INC,388
Keezhariyur,7,Santha Nelliyullathil,CPI(M),256
Keezhariyur,8,Dasan Kinattorakkandi,INC,450
Keezhariyur,9,K Sumathy Kuniyingal,INDEPENDENT,371
Keezhariyur,10,Girija,DIC(K),433
Keezhariyur,11,Moli Karukandathil,INC,350
Keezhariyur,12,Ambili Raghavan,INDEPENDENT,434
Kizhakkoth,1,Aashik Rahman K M,CPI(M),442
Kizhakkoth,2,Aamina Teacher K K,DIC(K),507
Kizhakkoth,3,Padmini P T,CPI(M),442
Kizhakkoth,4,Hameed Master Puzhimannil,ML,589
Kizhakkoth,5,Abdunnaser P D,ML,536
Kizhakkoth,6,Rasakh Master M A,ML,435
Kizhakkoth,7,Abdul Razakh Moozhical,INDEPENDENT,477
Kizhakkoth,8,Manoje  V M,CPI(M),524
Kizhakkoth,9,Ruhiya Variambrathu,INDEPENDENT,592
Kizhakkoth,10,Naseema Jamaludeen,INDEPENDENT,570
Kizhakkoth,11,Abdhu Rahiman,DIC(K),585
Kizhakkoth,12,Ramla Kayoonnichalil,ML,374
Kizhakkoth,13,Seenath Aaluppurayil,CPI(M),610
Kizhakkoth,14,Abdul  Khader Kutteyngel,ML,502
Kizhakkoth,15,Abdul Salam O K,ML,456
Kizhakkoth,16,Aasya M S,INDEPENDENT,447
Kizhakkoth,17,Abdul Majeed Master T V,INDEPENDENT,619
Kodencheri,1,Grazy Vincent,NCP,481
Kodencheri,2,K V Joseph kunnumpurathu,INC,470
Kodencheri,3,Kuriyan Geroge,CPI(M),538
Kodencheri,4,Joseph pulikudiyil,INDEPENDENT,530
Kodencheri,5,Ithamma James,INDEPENDENT,452
Kodencheri,6,Meryjoseph,INC,369
Kodencheri,7,Thomas Sachria,INC,505
Kodencheri,8,M C kuriyan,KC(M),445
Kodencheri,9,Benny Mathew,INC,344
Kodencheri,10,Puthiyadath Shibu,CPI(M),519
Kodencheri,11,Mercy Thankachan,KC(M),493
Kodencheri,12,Anne Johny,INC,546
Kodencheri,13,Tisi Raju Ambalakandi,INDEPENDENT,463
Kodencheri,14,Pallthu vachkkachan,INC,407
Kodencheri,15,Padmini Narayanan,INDEPENDENT,485
Kodencheri,16,A S Raju (Unni),CPI(M),583
Kodencheri,17,Lisy Thomas,INDEPENDENT,219
Kodencheri,18,Abraham Thaneli Maliyil,INC,593
Kodencheri,19,Joby Vargees,INC,477
Kodencheri,20,Biju Porunnedathu,KC(M),412
Kodiyathur,1,Cherukunnathu Balakrishnan,INC,688
Kodiyathur,2,M A Nazar,NCP,487
Kodiyathur,3,P T Kunnirayin,ML,422
Kodiyathur,4,MattaBasheer,INC,419
Kodiyathur,5,Edasseri Johny,CPI(M),450
Kodiyathur,6,V A Sunny vellanchira,CPI,575
Kodiyathur,7,Kolathumpadappil Rosamma,INC,471
Kodiyathur,8,Uma Unnikrishanan,CPI(M),398
Kodiyathur,9,Pannikodthodi Shanthakumari,CPI(M),445
Kodiyathur,10,K V Abdurahiman,ML,597
Kodiyathur,11,Venayikodu UnniBhai,INC,504
Kodiyathur,12,C V Saphia,ML,466
Kodiyathur,13,C T C Abdulla,CPI(M),462
Kodiyathur,14,Asharf N K,INDEPENDENT,461
Kodiyathur,15,Kottupurathutheliri Mymuna,INDEPENDENT,545
Koduvally,1,K P Muhamed,ML,641
Koduvally,2,T V Krishnankutty,DIC(K),537
Koduvally,3,Sheeja Surendran,CPI(M),551
Koduvally,4,K D Kunjali,ML,492
Koduvally,5,P Alikutty Master,INDEPENDENT,433
Koduvally,6,P C Velayudan Master,CPI(M),711
Koduvally,7,Sharena Majeedu,CPI(M),911
Koduvally,8,Abuhaji K P,ML,634
Koduvally,9,Lalitha Babu,INDEPENDENT,577
Koduvally,10,T P C Muhamed Master,DIC(K),601
Koduvally,11,Karattu Abdul Rasakh,ML,504
Koduvally,12,Fathima Sarif,INL,465
Koduvally,13,Hyrunisa Abdulnasir,NCP,493
Koduvally,14,P T A Rahim,INDEPENDENT,546
Koduvally,15,Elamakkil Shylaja,JD(S),427
Koduvally,16,Paropanjiyil Moytheenkuty,INDEPENDENT,590
Koduvally,17,Vayoli Muhamed Master,INDEPENDENT,633
Koduvally,18,Suhara Muhamed E C,INDEPENDENT,623
Koduvally,19,A P Majith Master,ML,620
Koduvally,20,K Sivadasan,INC,434
Koduvally,21,P C Ahammed Haji,ML,656
Koduvally,22,Bushra Muhammedu,ML,551
Koodaranji,1,Mannupurayidathil Shyamala,CPI(M),445
Koodaranji,2,Sunny Perikilam Tharappeal,DIC(K),337
Koodaranji,3,Mohanan K M Kariyamakkal,CPI(M),467
Koodaranji,4,Sabujoseph Pandyalakadavil,INC,323
Koodaranji,5,Soman Ottaplacal,CPI(M),505
Koodaranji,6,,ML,403
Koodaranji,7,Kavathunkal Alice,CPI,285
Koodaranji,8,Mery Thankachan,KC(M),317
Koodaranji,9,Rani Santi Kalathuparambil,INC,275
Koodaranji,10,Annamma Mamgarayil,JD(S),355
Koodaranji,11,Molly Thomas Vathalloor,INC,537
Koodaranji,12,Kottarappatta Rajesh,JD(S),295
Koodaranji,13,Abdul Jebbar Manu Kunneal,ML,415
Koorachundu,1,Mini Iranjoli,CPI(M),562
Koorachundu,2,M M Zachariya,CPI(M),348
Koorachundu,3,Sreejan Karinkalattu Meethankal,CPI(M),431
Koorachundu,4,Sebastian Sebastian Pulikkal,INC,510
Koorachundu,5,Jose Jone Veliyathu,INC,454
Koorachundu,6,Jhonson Ettiyil,INC,469
Koorachundu,7,Thomas kattakom Makal,INC,527
Koorachundu,8,Amadhu Abdullah Haji (O K Ammathu),ML,402
Koorachundu,9,Sabira Basheer Kodumayil,CPI(M),370
Koorachundu,10,Geetha Chandran,DIC(K),520
Koorachundu,11,Mathew Mathew Kunnathettu,KC(M),456
Koorachundu,12,Betti Benni Kanayankal,DIC(K),344
Koothali,1,Ayisha Teacher,ML,456
Koothali,2,Pullyottu Shiju,INC,409
Koothali,3,Veluthadan Veettil Jineesh,DIC(K),470
Koothali,4,K Narayanan,CPI(M),526
Koothali,5,K K Ibrayi Master,CPI(M),439
Koothali,6,K P Assankutty,INDEPENDENT,378
Koothali,7,Savitri,CPI(M),483
Koothali,8,P M Ramdasan,CPI(M),469
Koothali,9,Sreedharan Kunnummal,INC,402
Koothali,10,Edakkothu Padmini,CPI(M),524
Koothali,11,C M Sadandan,CPI(M),550
Koothali,12,T P Madavi,NCP,487
Kottur,1,Malayil Chandran,CPI(M),823
Kottur,2,Poovalathu Sajeevan,CPI(M),831
Kottur,3,Thannikothmeethal Gireesh,CPI(M),595
Kottur,4,Kanagottu Sheeja,CPI(M),635
Kottur,5,Unnathoor Meethal Rajan,CPI(M),674
Kottur,6,Aniyoth Meethal Many,CPI(M),762
Kottur,7,V P Pokkarkutty,ML,652
Kottur,8,Pindam Neekeyil Bharathan,CPI(M),606
Kottur,9,K K Balan,CPI(M),444
Kottur,10,Kakkencheri Illam Shankaran Namboothiri,CPI(M),643
Kottur,11,Puthukandi Chandran,CPI(M),591
Kottur,12,Vayyappurathu Sureshkumar,INC,528
Kottur,13,Kalappalli Greeshma Girija,CPI(M),642
Kottur,14,Parakambathu Meenakshi,DIC(K),582
Kottur,15,Cheleri  Mammukutty,ML,508
Kottur,16,Kuniyil Sharada,CPI(M),616
Kottur,17,Deepa P Nampoothiri,INDEPENDENT,558
Kottur,18,Kizhakkeveetil Ambika,INC,525
Kunnamangalam,1,Koyassan P,INDEPENDENT,600
Kunnamangalam,2,Pulkunnummal Sudeesh,JD(S),486
Kunnamangalam,3,Meleputhayil  Moideenkoya,ML,498
Kunnamangalam,4,N T SathyDevi,CPI(M),677
Kunnamangalam,5,Mambattachalil Rajan,JD(S),464
Kunnamangalam,6,Olangol Ussayin,ML,548
Kunnamangalam,7,Kuvatthudukil Seenath,ML,608
Kunnamangalam,8,Pulpparambil Kovlath,ML,572
Kunnamangalam,9,Vanaja Mangampoyil,DIC(K),488
Kunnamangalam,10,Thenjeri Velayudhan,CPI(M),728
Kunnamangalam,11,C P Babitha,DIC(K),556
Kunnamangalam,12,Shyja,CPI(M),704
Kunnamangalam,13,Ariyil Moytheen,ML,382
Kunnamangalam,14,V Anilkumar,CPI(M),506
Kunnamangalam,15,Thykuttathil Thazhampotta Moosakoya,ML,538
Kunnamangalam,16,Pavithran Pulapparambath,CPI(M),599
Kunnamangalam,17,Cholakkal Dineshkumar,BJP,485
Kunnamangalam,18,Padalil Basheer,INDEPENDENT,574
Kunnamangalam,19,Sanila Kumari,DIC(K),408
Kunnamangalam,20,K RamaDevi Teacher,DIC(K),455
Kunnamangalam,21,K P Krishnan,INC,457
Kunnamangalam,22,Khalid Kilimunda,ML,506
Kunnumal,1,A P Sumesh,JD(S),468
Kunnumal,2,K T Chandran,CPI(M),505
Kunnumal,3,K K Sarala,CPI(M),505
Kunnumal,4,Shaji Kinarullathil,CPI(M),579
Kunnumal,5,T P Mani,CPI(M),590
Kunnumal,6,P Nanu Master,CPI(M),776
Kunnumal,7,Bindhu Arippoovil,CPI(M),531
Kunnumal,8,Anthru parachalil,ML,510
Kunnumal,9,V V Prabhakran Master,CPI,610
Kunnumal,10,Eliyara Beena,INC,548
Kunnumal,11,Adv. Fareedh,DIC(K),401
Kunnumal,12,M K Santhosh,CPI(M),482
Kuruvattur,1,Kuttakkil Sudeesh,CPI(M),677
Kuruvattur,2,Thuattu Thazhathu Kunjikoya,ML,574
Kuruvattur,3,Vasantha Pilathottathil,CPI(M),568
Kuruvattur,4,Sreedharn PeriyamKunnathu,CPI(M),671
Kuruvattur,5,palangatt malayil Sheeba,CPI(M),534
Kuruvattur,6,Chenoth Prsasanna,CPI(M),592
Kuruvattur,7,Bhaskaran Haripriya,INC,579
Kuruvattur,8,Thoobatta Bhaskaran,INC,593
Kuruvattur,9,C Ashokan Master Thryamangalth,CPI(M),501
Kuruvattur,10,Nalukandiyil Jayavally,CPI(M),560
Kuruvattur,11,Mundudipottamal Sabira,CPI(M),485
Kuruvattur,12,K Shajikumar Kuttakkil,CPI(M),501
Kuruvattur,13,P T Suresh,CPI,544
Kuruvattur,14,Movillori Manjula,CPI(M),539
Kuruvattur,15,Jayaprasad,DIC(K),530
Kuruvattur,16,P Anil Kumar,CPI(M),705
Kuruvattur,17,P Appukuttan,CPI(M),536
Kuttiadi,1,K Vasu Master,CPI(M),755
Kuttiadi,2,T K Damodharan Master,CPI(M),626
Kuttiadi,3,K P Chandrika,CPI(M),638
Kuttiadi,4,Cheriya nelliyullathil Balakrishnan,CPI(M),555
Kuttiadi,5,Nelliyullathil Nabeesa,INC,542
Kuttiadi,6,Pothuval Kandi Shylaja,DIC(K),439
Kuttiadi,7,Bindhu Thayyil,INC,393
Kuttiadi,8,P C Ravindran Master,CPI(M),654
Kuttiadi,9,M K Abdurajman Master,ML,445
Kuttiadi,10,K P Suppy Haji,INDEPENDENT,486
Kuttiadi,11,Kizhakkayil Safeera,ML,503
Kuttiadi,12,T K Mohan Das,CPI(M),793
Kuttiadi,13,Erath Balan,CPI(M),662
Madavoor,1,Cheppoly Sindhu,DIC(K),383
Madavoor,2,Pavithran K,INC,616
Madavoor,3,Baby Vasan Edavalathu,DIC(K),619
Madavoor,4,Hazeena,ML,454
Madavoor,5,Presanna,CPI(M),496
Madavoor,6,Malayil Shamsia,INC,565
Madavoor,7,P Kerappan Master,CPI(M),624
Madavoor,8,M Trivikraman,CPI(M),489
Madavoor,9,Sackina Abdul Azees,ML,490
Madavoor,10,K P Abu,ML,615
Madavoor,11,Abukhagi M K,ML,481
Madavoor,12,Cholakkara Vijayan,JD(S),605
Madavoor,13,E Manjula Mannangappurayil,CPI(M),613
Madavoor,14,Abdul Rahiman Master Muthattu,ML,428
Madavoor,15,Cholakkara Muhamad,JD(S),469
Madavoor,16,P K E  Chandran,CPI(M),546
Maniyur,1,K.Pushpaja,CPI(M),645
Maniyur,2,K.A.Kunchiraman Vaidiar,CPI(M),738
Maniyur,3,M.K. Kunchiraman,CPI(M),589
Maniyur,4,C.P Kunjabdulla,ML,554
Maniyur,5,K.V.Reena,CPI(M),716
Maniyur,6,T.P. Goapalan Master,CPI(M),798
Maniyur,7,C.Vinodan,JD(S),805
Maniyur,8,Sheeba P.C.,DIC(K),619
Maniyur,9,K.K. Ammathu,ML,593
Maniyur,10,Shaija P.M,CPI(M),825
Maniyur,11,T.T. AbdulRahuman,CPI(M),681
Maniyur,12,Makkool Meethal Usha,JD(S),551
Maniyur,13,P.M. Balan,CPI(M),676
Maniyur,14,M.K Hameed Master,INC,610
Maniyur,15,KUzhikandi Bindhu,DIC(K),661
Maniyur,16,C.V Ravi,CPI(M),906
Maniyur,17,Ayanippa Narayanan,CPI,801
Maniyur,18,Chanjarothu Suja,DIC(K),495
Maniyur,19,K.P. Babu,CPI(M),540
Maniyur,20,U.T.K. Seena,CPI(M),560
Maruthomkara,1,Rasheed Kizhakkumpurath,DIC(K),555
Maruthomkara,2,Thengakkallummal Sobha,CPI(M),554
Maruthomkara,3,Asokan Master C P,CPI(M),599
Maruthomkara,4,Sugathan P C,CPI(M),661
Maruthomkara,5,Ravindran Erath,CPI(M),620
Maruthomkara,6,Sujatha Chapparathnadamalayil,CPI(M),399
Maruthomkara,7,Damodharan P K Punathil Kuniyil,INC,399
Maruthomkara,8,Lisi Baby Thadathil Parambil,CPI(M),462
Maruthomkara,9,C P Baburaj,CPI(M),449
Maruthomkara,10,Vellikkal Kuruvila,INC,470
Maruthomkara,11,Bijumon K T (Murali),CPI(M),579
Maruthomkara,12,Indira N K,CPI(M),498
Maruthomkara,13,Tharippayil Suhra,ML,424
Mavoor,1,N Balachandran,CPI(M),480
Mavoor,2,P T Jayarajan,CPI(M),527
Mavoor,3,Rajan Melemariyathu,ML,629
Mavoor,4,V K Rasak,ML,611
Mavoor,5,Mayyarimal Ajitha,CPI(M),499
Mavoor,6,V Balakrishnan Nair,CPI(M),608
Mavoor,7,U Jayarajan,DIC(K),558
Mavoor,8,K P Chandran,CPI(M),565
Mavoor,9,Vasanthi,INDEPENDENT,376
Mavoor,10,E N Premanathan,CPI(M),384
Mavoor,11,kamabalth Sudha,CPI(M),491
Mavoor,12,Onakkil Ali,INDEPENDENT,528
Mavoor,13,Malini Soman,INC,522
Mavoor,14,Khadeeja Rahman,ML,518
Mavoor,15,Manojkumar S,CPI(M),536
Mavoor,16,P Ramankutty,CPI(M),617
Mavoor,17,Sasikala P,CPI(M),590
Meppayur,1,K K Ammathu,ML,562
Meppayur,2,K Kunjiraman,CPI(M),614
Meppayur,3,M M Narayanan,CPI(M),900
Meppayur,4,K M Shyamala,INDEPENDENT,658
Meppayur,5,K Rajeevan,CPI(M),951
Meppayur,6,Suprabha,CPI(M),865
Meppayur,7,K V Divakaran Master,INC,449
Meppayur,8,B P Balakrishnan Master,JD(S),703
Meppayur,9,Sobha,CPI(M),722
Meppayur,10,Savithri Balan,INDEPENDENT,644
Meppayur,11,Prabhakaran,CPI(M),665
Meppayur,12,P Kunjayan Master,CPI(M),731
Meppayur,13,Kunjikannan,CPI(M),852
Meppayur,14,K K Govindan Kidavu,CPI(M),718
Meppayur,15,Geetha,JD(S),588
Meppayur,16,K K Ajitha Teacher,CPI(M),574
Moodadi,1,P K Hussain Haji,ML,549
Moodadi,2,M Chekkutty Haji,ML,480
Moodadi,3,Kunnothu Raghavn Master,DIC(K),515
Moodadi,4,P Narayanan Master,CPI(M),582
Moodadi,5,Cheriyandi Indira,BJP,713
Moodadi,6,Dinesan P T,CPI,527
Moodadi,7,P K Gopalakrishanan,CPI(M),571
Moodadi,8,Babu Rarichom Veettil,JD(S),652
Moodadi,9,Kizhakkechalil Bindhu,DIC(K),726
Moodadi,10,Somasekharan P K Vazhangottu,CPI(M),735
Moodadi,11,Thankom K K,CPI(M),
Moodadi,12,Meenashi Teacher kodakkattu Thazham,DIC(K),480
Moodadi,13,P A Sivan,CPI(M),620
Moodadi,14,Thacharambathu Sankaran Vaidhiyan,CPI(M),700
Moodadi,15,O D Asma,INL,608
Moodadi,16,P V Abdhullah,ML,365
Moodadi,17,P Rasheetha,ML,539
Mukkom,1,Vadakkethodika Chandran,ML,551
Mukkom,2,Suliaman K M,ML,540
Mukkom,3,E K Rajan,CPI(M),609
Mukkom,4,Jiji Jayaraj,DIC(K),736
Mukkom,5,Chalil thodikayil jayaprakash,INDEPENDENT,568
Mukkom,6,Geetha,CPI(M),642
Mukkom,7,T Balan,INDEPENDENT,473
Mukkom,8,Mamoboyil Shankaran Master,INDEPENDENT,438
Mukkom,9,Lasitha P,CPI(M),720
Mukkom,10,Karangattu Bhaskaran,CPI(M),527
Mukkom,11,T K Abdul Rahman,INDEPENDENT,514
Mukkom,12,Mumthaz Jameela,INDEPENDENT,526
Mukkom,13,Arukandathil Balan,CPI(M),637
Mukkom,14,P K Shobhana,CPI(M),593
Mukkom,15,Kamobattathu Chandran,DIC(K),617
Mukkom,16,A Kallyanikutty,CPI(M),677
Mukkom,17,A M Aahammedkutty Haji,ML,460
Mukkom,18,Abdulsalam,INDEPENDENT,501
Mukkom,19,Vadakkayil Krishnan,ML,565
Mukkom,20,Amina P,ML,466
Nadapuram,1,Sujatha Puthiyaparambath,DIC(K),559
Nadapuram,2,Muhammadali Vaniyam Veettil,ML,559
Nadapuram,3,Sooppi M P,ML,636
Nadapuram,4,Vanaja K,CPI(M),714
Nadapuram,5,Mohandas A,CPI(M),648
Nadapuram,6,Asokan P K,CPI(M),686
Nadapuram,7,Kunjikrishnan C V,DIC(K),632
Nadapuram,8,Shylaja Padikkalakandi,CPI(M),697
Nadapuram,9,Subaida T K,ML,582
Nadapuram,10,Anilkumar Edanelloor,INC,592
Nadapuram,11,Basheer Master Mandodi,ML,792
Nadapuram,12,Balakrishnan C F,CPI(M),767
Nadapuram,13,Damumaster P K,INC,721
Nadapuram,14,Nafeesa Nazer Prachery Vannankandi,ML,599
Nadapuram,15,Kunjammathkutty E K,ML,582
Nadapuram,16,Ammath Thayyil,ML,733
Nadapuram,17,Reeja Palorathazhakuni,CPI(M),886
Nadapuram,18,Naseema Thaivachaparambu,ML,646
Nadapuram,19,Iqbal Visi,ML,549
Nadapuram,20,Suhara Puthiyarakkal,ML,579
Nadapuram,21,Soopi Narikkatteri,ML,722
Naduvannur,1,Rajeevan Puthalathu,CPI(M),782
Naduvannur,2,Moideen Master,CPI(M),560
Naduvannur,3,Pachar (M C Karunan),CPI(M),719
Naduvannur,4,Sreedharan C M,CPI(M),619
Naduvannur,5,Sindhu M Karambra,CPI(M),742
Naduvannur,6,Lalu M Malol,INC,582
Naduvannur,7,Shini Kammangattu,CPI,536
Naduvannur,8,Sujith Vellarakkattu,DIC(K),495
Naduvannur,9,Packar Thayyullathil,KC(S),610
Naduvannur,10,Rajani Poyil,CPI(M),692
Naduvannur,11,Assan Koya Manattu,DIC(K),540
Naduvannur,12,Sreemathy,CPI(M),552
Naduvannur,13,Gangadaran A M,CPI(M),521
Naduvannur,14,Sreedaran Master E,CPI(M),673
Naduvannur,15,Shareena,DIC(K),655
Nanmanda,1,C M Suneeshan,CPI(M),712
Nanmanda,2,K M Rajan,CPI(M),690
Nanmanda,3,Pushpa Kuttichathan Kandi,CPI(M),771
Nanmanda,4,Puthukudi Balan,CPI(M),532
Nanmanda,5,Meethalia Edathil Sasidharan,CPI(M),726
Nanmanda,6,Puthen Purayil Sulochana,CPI(M),537
Nanmanda,7,P T Reena Babu,DIC(K),447
Nanmanda,8,P Balakurup Master,NCP,587
Nanmanda,9,Theyothu Parambil Vasu,INC,398
Nanmanda,10,T K Abdul Azeez Kandiyothu,CPI(M),694
Nanmanda,11,Thrikkaikunnummal Nayanasudha,DIC(K),595
Nanmanda,12,Mohansdas Valath,CPI(M),615
Nanmanda,13,Vanaja,CPI(M),511
Nanmanda,14,A Sreedharan Master,INC,572
Nanmanda,15,E K Sudha,CPI(M),629
Nanmanda,16,N K Radhakrishnan,CPI(M),721
Narikunni,1,Pushpa,INDEPENDENT,515
Narikunni,2,Abdul Azis Tharol,DIC(K),489
Narikunni,3,Rukiya Manikkyarambil,INDEPENDENT,564
Narikunni,4,Bharghavan Malayil,CPI(M),666
Narikunni,5,Babu Veyattummal,CPI(M),489
Narikunni,6,Illias V,ML,514
Narikunni,7,Cherootty Thalladikkal,INC,548
Narikunni,8,Abdul Jabbar P,CPI(M),575
Narikunni,9,Ummer Master P K,JD(S),339
Narikunni,10,Revi Tharokandiyil,INDEPENDENT,559
Narikunni,11,Vasantha Pandarachalil,ML,451
Narikunni,12,Hafsa Paikkattu,INDEPENDENT,617
Narikunni,13,Radha Vadakkechalukandi,INDEPENDENT,440
Narikunni,14,Aalikkoya M R Keloth,DIC(K),500
Naripetta,1,A.K .Narayani,CPI(M),643
Naripetta,2,M.Koran,CPI(M),447
Naripetta,3,Antony Eroori,KC(M),405
Naripetta,4,A.P. Beena,CPI(M),663
Naripetta,5,K.K. Murali,CPI(M),648
Naripetta,6,M. Krishnan,CPI(M),835
Naripetta,7,L.K Leela,CPI(M),782
Naripetta,8,A.P. Kumaran,CPI(M),858
Naripetta,9,Muhammadali,ML,618
Naripetta,10,R.M Laneesh Raj,JD(S),652
Naripetta,11,M. Kunchiraman Master,INC,485
Naripetta,12,M. K Soudha,ML,524
Naripetta,13,T.P Pavithran,CPI(M),755
Naripetta,14,Remla Vattakkuttiadi,INDEPENDENT,507
Naripetta,15,C.P Kunchiraman,CPI,794
Naripetta,16,Geetha Tharammal,INC,624
Nochad,1,D Chandrika,CPI(M),571
Nochad,2,K C Baburaj,CPI(M),628
Nochad,3,Geetha Kunnummal,CPI(M),575
Nochad,4,K D Balakrishnan Master,CPI(M),577
Nochad,5,P K Kunjikkanna,CPI(M),569
Nochad,6,Abdul Sankar P,CPI(M),519
Nochad,7,Chalikkara Radhakrishnan,CPI(M),598
Nochad,8,V D Balan,CPI(M),859
Nochad,9,P K Sarala,CPI(M),527
Nochad,10,Kakkam Makkul Shoba,CPI(M),531
Nochad,11,K M Kunjikannan,CPI(M),504
Nochad,12,Sunitha Nanjoora,CPI(M),624
Nochad,13,Subaida Cheruvatta,CPI(M),593
Nochad,14,R M Ragavan,CPI(M),637
Nochad,15,V K Gopalan Master (V K G Kallathur),CPI,649
Nochad,16,Puthan Purayil Abdulsalam,CPI(M),586
Olavanna,1,PARASHERI  REVEENDRAN,CPI(M),1195
Olavanna,2,N. CHANDRASHEKHARAN,CPI(M),743
Olavanna,3,PICHAPURATHU  FATHIMA,ML,630
Olavanna,4,VALIKKAL JANAKI,CPI(M),872
Olavanna,5,N. V. ANITHA,CPI(M),710
Olavanna,6,GIREESHAN K. M,BJP,501
Olavanna,7,M.M SAYITHALAVI MASTER,DIC(K),548
Olavanna,8,P.V. SHOBHANA,CPI(M),779
Olavanna,9,P.M ANANTHAN MASTER,CPI(M),751
Olavanna,10,K.M JYOTHI LEKSHMI,INDEPENDENT,549
Olavanna,11,KARIYAPPURATHU METHAL KRISHNANKUTTI,DIC(K),595
Olavanna,12,PUSHPALATHA KODUVANNA SRAYAS,CPI(M),948
Olavanna,13,SHOUKKATHALI PUNATHIL,INC,720
Olavanna,14,K. SUGATHAL,CPI(M),652
Olavanna,15,K. ASSAN KOZHA,CPI(M),989
Olavanna,16,A. SHIYALI KOZHA,INC,623
Olavanna,17,PULIKKAL BABURAJAN,CPI(M),1007
Olavanna,18,SAFIYA OLAVANNA,ML,725
Olavanna,19,K.K JAYAPREKASHAN,CPI(M),861
Olavanna,20,VATTAKKATTU JAYADEVAN,CPI(M),748
Olavanna,21,PUTHIYOTTU SUSHAMMA,CPI,983
Olavanna,22,K. KRISHNADASAN,INDEPENDENT,813
Omassery,1,K P Kunjumed,ML,687
Omassery,2,M Chandrababu,CPI(M),590
Omassery,3,Binu O P,INC,402
Omassery,4,V C Agastin Vilakkuppara,DIC(K),434
Omassery,5,Mathew (K A Baby),CPI(M),379
Omassery,6,M k Ussayin,INDEPENDENT,597
Omassery,7,P V AbdulRahiman Master,ML,497
Omassery,8,Komalavalli K M,INDEPENDENT,394
Omassery,9,Ayanikunnumal Mymuna,ML,372
Omassery,10,M P Dhashayani Amma,NCP,512
Omassery,11,E K Pavitharan,INDEPENDENT,529
Omassery,12,Thankamani M,INDEPENDENT,481
Omassery,13,Abdullakutti K K,ML,475
Omassery,14,V P Ahammedkutti Master,ML,598
Omassery,15,P P Amina,INDEPENDENT,466
Omassery,16,K P Sadasivan,CPI(M),575
Omassery,17,Urlammal Bindhu,CPI(M),741
Omassery,18,K K Radhakrishnan,CPI(M),880
Onchiyam,1,N P Bhaskaran Master,CPI(M),680
Onchiyam,2,C H Prajitha,CPI(M),614
Onchiyam,3,K K Kunjikkannan Master,CPI(M),681
Onchiyam,4,Chalil Balakrishnan,CPI(M),
Onchiyam,5,Poyil Gangadharan,CPI(M),658
Onchiyam,6,Manoli Geetha,CPI(M),563
Onchiyam,7,V V Rakhavan,CPI(M),812
Onchiyam,8,Punneri Vimala,CPI(M),574
Onchiyam,9,P M Rajan,CPI(M),695
Onchiyam,10,Thekkepurayil Arundhathi,CPI(M),522
Onchiyam,11,U Ranjith,INC,553
Onchiyam,12,V P Babu,CPI(M),587
Onchiyam,13,K Gangadharakurup,CPI,529
Onchiyam,14,T P Leela,CPI(M),430
Onchiyam,15,Rathidevi padikkumeethal,JD(S),663
Onchiyam,16,Asharaf V C,CPI(M),651
Panangad,1,Karingettingal Bindhu,JD(S),675
Panangad,2,Ismail Kurumbayil,CPI(M),703
Panangad,3,Lohithakshan Kunnummal,CPI(M),610
Panangad,4,V V Vijayan,CPI(M),482
Panangad,5,P Usman,INDEPENDENT,771
Panangad,6,Sajini Mankayathil,CPI(M),552
Panangad,7,K Aali Master,ML,685
Panangad,8,Kunnathu Kandi Aali,ML,617
Panangad,9,A C Baiju,CPI(M),723
Panangad,10,Raroth Hameeda Kabeer,DIC(K),869
Panangad,11,Balakrishanan Mathukandi,CPI(M),595
Panangad,12,Puthukkudi Bushara,JD(S),434
Panangad,13,Kamala Chennottukandi,CPI(M),574
Panangad,14,P S Bharathi Puthenmadom,CPI(M),546
Panangad,15,Santhakumari Chembotti Palathu,CPI(M),797
Panangad,16,Vijayan Thykkandi,CPI(M),478
Panangad,17,Unni Variyathu,CPI(M),618
Panangad,18,C K Raghavan,JD(S),848
Panangad,19,K Chandran Nair,NCP,509
Payyoli,1,S V Rahmathulla,KC(S),502
Payyoli,2,E D Padmanabhan,DIC(K),624
Payyoli,3,D Balan,CPI(M),883
Payyoli,4,V D Bhaskaran,CPI(M),553
Payyoli,5,P M Venugopalan,CPI(M),906
Payyoli,6,Malol Sreedevi,DIC(K),711
Payyoli,7,K Gopalan Master,CPI(M),719
Payyoli,8,C Pushpalatha,CPI(M),640
Payyoli,9,Kolloni Meethal Reetha,INC,499
Payyoli,10,Radhika,JD(S),587
Payyoli,11,Madathil Abdulrahiman,ML,585
Payyoli,12,Kavum Purathu Rayeez,CPI(M),768
Payyoli,13,O D Muralidas,JD(S),304
Payyoli,14,K V Sathi,CPI(M),428
Payyoli,15,Raziba Kizhakke Eripparambhil,ML,331
Payyoli,16,Ayisha Mulikandathil,ML,554
Payyoli,17,C N Balakrishnan,INC,408
Payyoli,18,C C Bindu,CPI(M),635
Payyoli,19,M D Balan Master,JD(S),688
Payyoli,20,M D Suresh Babu,CPI(M),746
Payyoli,21,Padannayil Prabhakaran,INC,573
Payyoli,22,Cheriyavi Suresh Babu,INC,631
Perambra,1,Idathumkara Ibrayi,ML,608
Perambra,2,K Kunjabdulla Master,INC,622
Perambra,3,Eranji Madathil Kunjinarayanan Nabiar,DIC(K),490
Perambra,4,T H Narayanan Master,CPI(M),580
Perambra,5,O Kunjikannan Master,CPI(M),627
Perambra,6,Kizhakkepabrambhil Gireesh,CPI(M),860
Perambra,7,Cherukallattu Pushap,DIC(K),678
Perambra,8,Nallassery Balakrishnan Nair,CPI(M),575
Perambra,9,Kunnikkal Sobhana,CPI(M),666
Perambra,10,Parapooru Meethal Sreeja,CPI(M),692
Perambra,11,C D Balan Nair,DIC(K),652
Perambra,12,Parakandi Aravindan,CPI(M),672
Perambra,13,Padinjarakkara Indira,CPI(M),546
Perambra,14,E P Ibrahim Master,CPI,678
Perambra,15,Padinjarakandi Ragavan,CPI(M),432
Perambra,16,Kolliyil Jasna,CPI(M),632
Perambra,17,Kannambarambhathu Gopi,CPI(M),843
Perambra,18,Aniyeri Meethal Reeja,JD(S),752
Perumanna,1,K Asokan,CPI(M),749
Perumanna,2,A Purushothaman,CPI(M),599
Perumanna,3,Shaji Puthalathu,CPI(M),573
Perumanna,4,Padinjare Parakottupoyil Sheeja,INC,507
Perumanna,5,Shyamala Mundakasseri,CPI(M),611
Perumanna,6,Rajeev Perumanpura,CPI(M),697
Perumanna,7,Vijayan Vilakkumadam,CPI(M),749
Perumanna,8,P Krishnan Master Nerattu Parampil,DIC(K),700
Perumanna,9,Manjapparammal Bavitha,DIC(K),547
Perumanna,10,V P Shyamkumar,CPI(M),682
Perumanna,11,K EFasal,INC,544
Perumanna,12,Manisseri Jaffar,ML,396
Perumanna,13,P M Bindhu,CPI,564
Perumanna,14,Kummangal Ahammed,ML,560
Perumanna,15,M Mohanan,CPI(M),491
Perumanna,16,Elamana Ramani,CPI(M),498
Perumanna,17,Prasanna Puthukudi,INC,517
Peruvayal,1,Mandothinkal Gopalan Nair,DIC(K),555
Peruvayal,2,R V Jafar,ML,432
Peruvayal,3,M M Prasad,CPI(M),693
Peruvayal,4,K R Subramanian,CPI(M),658
Peruvayal,5,Ponathil Anitha,CPI(M),738
Peruvayal,6,Shafiya Kuttiparampathu,CPI(M),460
Peruvayal,7,K V Bhaskaran Kalleri Parampathu,CPI(M),470
Peruvayal,8,C M Sadasivan,INDEPENDENT,593
Peruvayal,9,Raveendran Manikkam Methal,CPI(M),769
Peruvayal,10,Ramakrishnan Nair,CPI,600
Peruvayal,11,P K Sharafudeen,ML,403
Peruvayal,12,K Moosa Moulavi,ML,648
Peruvayal,13,Prabitha Kumari,DIC(K),423
Peruvayal,14,D K Ramla,ML,388
Peruvayal,15,Pothathu Muhammed,ML,450
Peruvayal,16,Usha Ampadathil,CPI(M),658
Peruvayal,17,Thekkekandi Ahammed Koya (Kunjan),CPI(M),552
Peruvayal,18,Sairabi Oruvangara,CPI(M),454
Peruvayal,19,V K Sudhakara Menokki,DIC(K),511
Peruvayal,20,K M Ganeshan,CPI(M),675
Peruvayal,21,Kattayattu Thazhepotta Santha,CPI(M),330
Purameri,1,O P Ramesan,CPI(M),711
Purameri,2,M Rajan,CPI(M),517
Purameri,3,Janu,CPI(M),530
Purameri,4,K K Kumaran,CPI(M),578
Purameri,5,V P Kunjammad Master,ML,570
Purameri,6,C K Suma,CPI(M),601
Purameri,7,Kandampath Kumaran,DIC(K),573
Purameri,8,V P Kamala,CPI(M),580
Purameri,9,Velam C Rakhavan,CPI(M),760
Purameri,10,Edavalath Meethal Pavithran,INDEPENDENT,566
Purameri,11,Sumalayam Kamala,CPI,537
Purameri,12,Geetha,CPI(M),718
Purameri,13,P M Radha,CPI(M),670
Purameri,14,Ajith Puthiyottil,INC,468
Purameri,15,K K Sumathi,JD(S),529
Purameri,16,V Divakaran,CPI(M),578
Puthuppady,1,Rosemma Joseph,INDEPENDENT,536
Puthuppady,2,Shaji Vengattil,INDEPENDENT,424
Puthuppady,3,Gresey Ambattu,ML,457
Puthuppady,4,Sujatha Madavan,INDEPENDENT,532
Puthuppady,5,P V Bhaskaran,CPI(M),525
Puthuppady,6,V K Hussainkutty,ML,532
Puthuppady,7,Mugeeb Makkandi,INDEPENDENT,426
Puthuppady,8,C A Muhamed,ML,466
Puthuppady,9,Geresh John,CPI(M),714
Puthuppady,10,R M Abdul Rasakh,INDEPENDENT,635
Puthuppady,11,Raju Sakkariya,INDEPENDENT,624
Puthuppady,12,D M Poulose,INDEPENDENT,542
Puthuppady,13,Majusha Venupurayil,CPI(M),538
Puthuppady,14,P P Berankutty,CPI(M),586
Puthuppady,15,K Vijayakumar,CPI(M),628
Puthuppady,16,Kuttiamma Mani,CPI(M),550
Puthuppady,17,Allema Hassan,ML,477
Puthuppady,18,Mini Joseph,NCP,365
Puthuppady,19,Sathydevi Nerooth,INDEPENDENT,646
Puthuppady,20,Muhammed Mappilaparambil,DIC(K),611
Ramanattukara,1,Kallada Muhammedali,ML,396
Ramanattukara,2,V M Abdulrassak,ML,531
Ramanattukara,3,D V Sasidharan,DIC(K),329
Ramanattukara,4,V M Pushpa,INC,480
Ramanattukara,5,Abdul Latheef,ML,524
Ramanattukara,6,K Damodharan,CPI(M),620
Ramanattukara,7,Puthyia Veettil Sajitha,INDEPENDENT,471
Ramanattukara,8,Kannathra Ushadevi,CPI(M),465
Ramanattukara,9,Pacheeri Saithali,ML,440
Ramanattukara,10,C K Abubakkar,ML,571
Ramanattukara,11,Surendran,CPI(M),495
Ramanattukara,12,Kuniyil Palliyali Najmuneesa,ML,541
Ramanattukara,13,P K Ramachandran,CPI(M),419
Ramanattukara,14,Panchanakkal Usha,CPI(M),631
Ramanattukara,15,K Suresh,INC,345
Ramanattukara,16,M K Geetha,CPI(M),791
Ramanattukara,17,M K Sivadasan,CPI(M),477
Ramanattukara,18,Hajara Beevi,ML,697
Thalakulathur,1,Sivanandan O,DIC(K),467
Thalakulathur,2,Madhavan A,CPI(M),514
Thalakulathur,3,Velayudhan,DIC(K),616
Thalakulathur,4,Sindhu Pancherikandathadi,CPI(M),656
Thalakulathur,5,Mini P,CPI(M),657
Thalakulathur,6,Prakashan Kodalodi,CPI(M),711
Thalakulathur,7,Balakrishnan Thiruvoth,CPI(M),568
Thalakulathur,8,Santha Kaniyari,NCP,513
Thalakulathur,9,Ajitha vagerkuniyil,CPI(M),461
Thalakulathur,10,D MSivarajan,JD(S),626
Thalakulathur,11,Hareesh P,CPI(M),472
Thalakulathur,12,Prabhakaran,INC,622
Thalakulathur,13,Pradeep Kumar Nellippadi,INC,537
Thalakulathur,14,Subha D,CPI(M),576
Thalakulathur,15,Shereena,JD(S),437
Thalakulathur,16,Sathyan P K,CPI(M),724
Thamarasseri,1,P S Muhamadali,ML,498
Thamarasseri,2,A P Musthaph,INL,445
Thamarasseri,3,U K Dinesh,CPI(M),536
Thamarasseri,4,Thankappan,CPI(M),507
Thamarasseri,5,P Sachithandan,CPI(M),521
Thamarasseri,6,K v Muhammed,ML,561
Thamarasseri,7,Habeesath Thambi,INC,590
Thamarasseri,8,Karat Saphia,INDEPENDENT,536
Thamarasseri,9,Mesoth Mymuna,ML,367
Thamarasseri,10,Kollarukandiyil hajara,ML,492
Thamarasseri,11,P K Ussayinkutti,INC,439
Thamarasseri,12,Subida Salim,ML,354
Thamarasseri,13,Suma Rajesh,INC,415
Thamarasseri,14,Prameela,CPI(M),535
Thamarasseri,15,K M Ramankutti Master,INC,634
Thamarasseri,16,Synul Abdeen Thangal,ML,554
Thamarasseri,17,V M Ummar Master,ML,587
Thamarasseri,18,V M Abdullakoya Haji,ML,545
Thikkodi,1,Baiju Chalil,JD(S),516
Thikkodi,2,M. K Raveendran,INC,407
Thikkodi,3,Santhosh Thikkodi,DIC(K),371
Thikkodi,4,Thaikkandi Narayanan,INC,482
Thikkodi,5,E Raghavan Master,CPI(M),486
Thikkodi,6,Mini,CPI(M),681
Thikkodi,7,Kunjikrishan,CPI(M),582
Thikkodi,8,Lekshmi,CPI(M),525
Thikkodi,9,C Haneefa Master,ML,682
Thikkodi,10,Nallukandi Ragavan Nair,DIC(K),507
Thikkodi,11,E Kumaran Master,JD(S),646
Thikkodi,12,Bhanumathi Ottakandanilam,CPI(M),412
Thikkodi,13,Shyja,CPI(M),488
Thikkodi,14,P K Sasi,CPI(M),586
Thikkodi,15,Shareena,ML,617
Thikkodi,16,Suhara,INC,436
Thiruvallur,1,Sumangala K.M.,CPI(M),647
Thiruvallur,2,Vallil Santha,NCP,615
Thiruvallur,3,Ebrai K.P,DIC(K),536
Thiruvallur,4,Balan P.M,CPI(M),743
Thiruvallur,5,MIni P.M,CPI(M),549
Thiruvallur,6,Nalupurakkal AbdulRahuman Master,INC,508
Thiruvallur,7,Suresh K.K,JD(S),603
Thiruvallur,8,Prasanna Nelliulla Parambathu,INC,546
Thiruvallur,9,Premachandran M.C,CPI(M),662
Thiruvallur,10,M.P. Abdul Azees,ML,508
Thiruvallur,11,Sajeevan Vellukkara,INC,602
Thiruvallur,12,Suresh N. .V,CPI(M),565
Thiruvallur,13,Sainaba .N,ML,584
Thiruvallur,14,R.K Chandran,CPI(M),662
Thiruvallur,15,Balan M.V,CPI(M),617
Thiruvallur,16,Chandran Puthukkudi,CPI,603
Thiruvallur,17,Katteri Shobha,CPI(M),600
Thiruvallur,18,Divya Nilayam  Sathy,JD(S),760
Thiruvallur,19,EDathatta Radhakrishnan,CPI(M),665
Thiruvambadi,1,Thomi Konnakkal,NCP,548
Thiruvambadi,2,Sreerangeswarath Pushpa Omanakuttan,CPI(M),422
Thiruvambadi,3,Kakkanadu Mery Joseph,INDEPENDENT,525
Thiruvambadi,4,M K Naseema,CPI(M),495
Thiruvambadi,5,K K Divakaran,CPI(M),600
Thiruvambadi,6,Shamsuddin Pallivila,DIC(K),609
Thiruvambadi,7,Joy Mlakkuzhiyil (Sebastiyan),KC(M),514
Thiruvambadi,8,Kottayil Appu,CPI(M),681
Thiruvambadi,9,Thalachirayil Thresya George,CPI(M),418
Thiruvambadi,10,Chiggina Thodikayil Ganeshbabu,CPI(M),654
Thiruvambadi,11,Cholathodikayil Sundaran Embichikandan,CPI(M),581
Thiruvambadi,12,Cheriparambil,CPI(M),459
Thiruvambadi,13,Joli Joseph Kollarathil,CPI(M),492
Thiruvambadi,14,Boss Joseph Purayidathil,DIC(K),518
Thiruvambadi,15,Punnakunnathu Lalith Mohanan,CPI(M),805
Thiruvambadi,16,Kuriyachan Theggum Moottil,INC,577
Thuneri,1,Souparnika Chandrika,CPI(M),547
Thuneri,2,Sreenilayam Vinodkumar,INC,539
Thuneri,3,Kurungottukandi Hassan,ML,588
Thuneri,4,Naduvila Koloth Chandrasekharan,CPI(M),489
Thuneri,5,Puthukkudikkuni Anitha,CPI(M),492
Thuneri,6,Charthankadiyil Latha,INC,244
Thuneri,7,Padmini V K,INC,557
Thuneri,8,K P C Thangal,ML,557
Thuneri,9,Karayil Appu M,CPI(M),449
Thuneri,10,M C Narayanan Nambyar,CPI,644
Thuneri,11,Oliyeri Balan,CPI(M),703
Thuneri,12,Thazheveettil Achuthan,CPI(M),704
Thuneri,13,P jayachandran,CPI(M),557
Thuneri,14,Kunjippurayil Lisha,INC,524
Thurayur,1,Kallidavayalil Kumaran,ML,329
Thurayur,2,U.C. Shamsudeen,DIC(K),445
Thurayur,3,Shibu Mannappurathu,CPI(M),393
Thurayur,4,K.K. Dasan Mattayi,DIC(K),342
Thurayur,5,V.I Hamssa Master,CPI(M),452
Thurayur,6,N.M. Leela  Aramkandi Meethal,CPI(M),343
Thurayur,7,Vattakandi Sindhu,DIC(K),295
Thurayur,8,C.K Narayani,CPI(M),542
Thurayur,9,Puthukkudi Geetha,CPI(M),459
Thurayur,10,P.T Sasi,CPI(M),387
Thurayur,11,Najumuneesa kizhakkaloal,ML,351
Thurayur,12,Podiyadi Nazeer,ML,353
Uliyeri,1,Chandrika,CPI(M),586
Uliyeri,2,Nalini P,CPI(M),507
Uliyeri,3,K P Radhakrishnan,INC,549
Uliyeri,4,C K Sadanandan,CPI(M),698
Uliyeri,5,C Babu,CPI(M),651
Uliyeri,6,Sakunthala,CPI(M),578
Uliyeri,7,Kuniyerikkandi Radhakrishnan,INDEPENDENT,666
Uliyeri,8,A K Mani,CPI(M),551
Uliyeri,9,Anitha K,JD(S),709
Uliyeri,10,C Ajitha,CPI(M),663
Uliyeri,11,Kunnathadathil Sukumaran,DIC(K),675
Uliyeri,12,Sheela,CPI(M),859
Uliyeri,13,D K Kunjikrishnan,CPI(M),741
Uliyeri,14,K D Rameshan,DIC(K),692
Uliyeri,15,Santhosh,JD(S),732
Uliyeri,16,Bindhu,CPI(M),739
Uliyeri,17,E M Damodaran,CPI(M),929
Uliyeri,18,Sathyan,CPI(M),712
Unnikulum,1,Koothuparakal  P K Anitha,CPI(M),661
Unnikulum,2,Erakkandi Radamani,DIC(K),827
Unnikulum,3,Muppattukkuthummal P T Thankom,INDEPENDENT,685
Unnikulum,4,Karinkayil Abdhul Khader Haji,NCP,570
Unnikulum,5,Puthiyambra Nafeesa,NCP,484
Unnikulum,6,Fousia Majeed,ML,394
Unnikulum,7,R P Bhaskarakurup,CPI(M),929
Unnikulum,8,Ravindranath,DIC(K),483
Unnikulum,9,Kunnathuparambil Prabhakaran Nair,DIC(K),742
Unnikulum,10,Kolithottil Shiny,CPI(M),601
Unnikulum,11,Anapparakal Sulekha,ML,595
Unnikulum,12,Muhammed Rasheed V P,DIC(K),543
Unnikulum,13,K K Abdul Gafoor,INDEPENDENT,591
Unnikulum,14,Odayil Mohanan Nair,DIC(K),863
Unnikulum,15,Thyllathil Latha,DIC(K),487
Unnikulum,16,K C Suresh,CPI(M),720
Unnikulum,17,D Chandukkutty Master,CPI(M),848
Unnikulum,18,Chalathur Sreeja,DIC(K),753
Unnikulum,19,kaippattu Padmanabhan,JD(S),804
Unnikulum,20,K K D Rajan,CPI(M),538
Unnikulum,21,V A Latheef Master,JD(S),1018
Unnikulum,22,K k Balakrishanan,CPI(M),596
Valayam,1,Tharokkandiyil Rajeevan Master,DIC(K),429
Valayam,2,Puthanpurayil Balakrishnan,CPI(M),468
Valayam,3,K V Kannan Master,CPI(M),585
Valayam,4,V K Beena,CPI(M),726
Valayam,5,Azhiyikkandathil Bindhu,CPI(M),677
Valayam,6,P P Malathi Thekke Nelliyulla Parampath,CPI(M),424
Valayam,7,Chalyattupoyil Balan,CPI(M),762
Valayam,8,M Divakaran,CPI(M),542
Valayam,9,Palollathil Lakshmi,CPI(M),692
Valayam,10,Chandroth Radha,INC,350
Valayam,11,P P Sadikh,ML,512
Valayam,12,Kuniyil Iqbal,ML,512
Valayam,13,A P Babu,INC,423
Vanimel,1,O P Kunjammad Master,ML,568
Vanimel,2,C V Najma,ML,725
Vanimel,3,M K Sobha,INC,503
Vanimel,4,Bindhu Eniyel,ML,527
Vanimel,5,Ashraf Kottala,ML,556
Vanimel,6,Kannan Master,CPI(M),582
Vanimel,7,V P Chathu,CPI(M),645
Vanimel,8,C P Vimala,CPI(M),697
Vanimel,9,K C Choyi,CPI(M),380
Vanimel,10,P A Antony,INC,583
Vanimel,11,K P Rajeevan,CPI(M),723
Vanimel,12,N K Moosa Master,ML,557
Vanimel,13,Kundil Sainaba,ML,593
Vanimel,14,V K Sabira Teacher,ML,609
Vanimel,15,Varyankandi Kunjabdulla Haji,ML,611
Velom,1,T V Kunjikkannan,INC,604
Velom,2,K K Moidhu Master,ML,625
Velom,3,M Shijina,CPI(M),676
Velom,4,Cholery Moidhu,ML,536
Velom,5,K P Gopalan,DIC(K),473
Velom,6,N K C Moithu haji,DIC(K),558
Velom,7,P P Shareef,ML,584
Velom,8,E K Nanu,CPI(M),621
Velom,9,P K Damodaran,CPI,559
Velom,10,Kuruvangadu Kunjabdulla,ML,515
Velom,11,C M Yasoda,CPI(M),588
Velom,12,K K Narayanan Nambyar,CPI(M),594
Velom,13,Thekkullathil Jijibhai,INC,550
Velom,14,Matathil Sreedharan,INC,562
Velom,15,Peettayullathil Shiji,CPI(M),568
Velom,16,M P Sulatha,CPI(M),615
Villiyappally,1,T. Bhaskaran Master,INC,428
Villiyappally,2,P.K. Asokan,CPI,594
Villiyappally,3,K.K. Mohanan,CPI(M),699
Villiyappally,4,P.M. Vilasini,JD(S),579
Villiyappally,5,Madathil Rajan,CPI(M),646
Villiyappally,6,Edalottu Kumaran,JD(S),518
Villiyappally,7,Safiya Edavanchattu Meethal,ML,552
Villiyappally,8,Mamullathil Jyothi,JD(S),547
Villiyappally,9,K.M. Babu,JD(S),712
Villiyappally,10,R. Balaram,CPI(M),558
Villiyappally,11,K.K .Bijula,CPI(M),701
Villiyappally,12,Pachiparambathu  Muhammed Haji,ML,539
Villiyappally,13,Vadakkayil Prameela,CPI(M),617
Villiyappally,14,Kodakkedu Babu,CPI(M),814
Villiyappally,15,E M Ravi,CPI(M),712
Villiyappally,16,C M Sudha,CPI(M),576
Villiyappally,17,M M Narayani teacher,CPI(M),506
Villiyappally,18,K M Pavithran,CPI(M),713
M_KY,1,Sudeesh Anappadikkal,CPI(M),601
M_KY,2,Bharathi Panachikunnummal,CPI(M),858
M_KY,3,Dasan K,CPI(M),1136
M_KY,4,Kunjikkanaran T K,CPI(M),750
M_KY,5,Suresh P T,CPI(M),639
M_KY,6,Balakrishnan Pandarakkandi Krishna,CPI(M),584
M_KY,7,Balan Nair Choledathu Sunil Nivas,CPI(M),737
M_KY,8,Nadari Bhaskaran,INC,574
M_KY,9,T P Ramadas,CPI(M),720
M_KY,10,P K Gangadharan,CPI(M),647
M_KY,11,Chandran T K,CPI(M),573
M_KY,12,T Binduraj,DIC(K),646
M_KY,13,Kappa Haridasan,DIC(K),556
M_KY,14,Anil Kumar R K,CPI(M),575
M_KY,15,Indira Teacher,CPI(M),547
M_KY,16,Girija Thettiyil,CPI(M),520
M_KY,17,Vijila K K,CPI(M),489
M_KY,18,Madhavan P V,CPI(M),880
M_KY,19,S N G SunilKumar,JD(S),836
M_KY,20,Rakhavan Thettathu,CPI(M),551
M_KY,21,P Krishnan,CPI(M),705
M_KY,22,K P Nanu,CPI(M),580
M_KY,23,Cheruvakkattu Raman,DIC(K),486
M_KY,24,S K Vinod,CPI(M),452
M_KY,25,Nottichikandi Nalini,CPI(M),646
M_KY,26,Mangottil Surendran (Baby),CPI(M),681
M_KY,27,Payattuvalappil Nalini,DIC(K),492
M_KY,28,K V Santhosh,CPI(M),558
M_KY,29,Shiji P K,BJP,805
M_KY,30,Rekha,BJP,277
M_KY,31,Adv.M V Malini,DIC(K),444
M_KY,32,Uslangantakathu Shameena,INDEPENDENT,490
M_KY,33,Ashraf Marakkarakathu,ML,491
M_KY,34,Puthiya Velikkakathu Sulaikha,INL,351
M_KY,35,Azees,ML,295
M_KY,36,Bhagavathykandi Krishnan,CPI(M),401
M_KY,37,UnniKrishnan A P,CPI(M),514
M_KY,38,Padmini,CPI(M),487
M_KY,39,Sarasa Thazhathevalappil,CPI(M),385
M_KY,40,Chenothu Latha,NCP,474
M_KY,41,Fathima,ML,362
M_VD,1,Sahadevan Koyante Veedu,INC,414
M_VD,2,Mukkolakkal Hamsa,INL,443
M_VD,3,Purathayil Mahamood,INDEPENDENT,399
M_VD,4,Omana A V,CPI(M),665
M_VD,5,Prabhakaran V K,INC,413
M_VD,6,Sathy M,JD(S),549
M_VD,7,Vimala Teacher P P,CPI,511
M_VD,8,Bhaskaran T,CPI(M),564
M_VD,9,Reena K P,CPI(M),594
M_VD,10,Kelu T,INC,564
M_VD,11,Krishnan Master E M,CPI(M),661
M_VD,12,Koneth Ajitha,CPI(M),657
M_VD,13,Koyiloth Thazhekuniyil Baby Praseetha,CPI(M),615
M_VD,14,Savitha V P,CPI(M),664
M_VD,15,Edayath Sreedharan,JD(S),623
M_VD,16,Vanaja K K,JD(S),572
M_VD,17,Vijayan P K,CPI(M),917
M_VD,18,Dasan  V P,CPI(M),691
M_VD,19,Kolothu Pushpaveni,CPI(M),682
M_VD,20,Gangadharan,INC,514
M_VD,21,Achuthan Master P,INDEPENDENT,521
M_VD,22,Narayani M,CPI(M),447
M_VD,23,Ramani M,CPI(M),666
M_VD,24,Kunjabdulla Master T,CPI(M),459
M_VD,25,Sudeer Kumar T V,INC,587
M_VD,26,Musthafa Master P M,ML,560
M_VD,27,Ahammad M P,ML,571
M_VD,28,Parol Indira,CPI(M),547
M_VD,29,Sahira M,ML,636
M_VD,30,Ashraf T P,ML,354
M_VD,31,Nanu C H,CPI(M),517
M_VD,32,Mohanan A P,CPI(M),546
M_VD,33,Kunjikkannan,CPI(M),710
M_VD,34,Rajan C K,CPI(M),845
M_VD,35,Geetha P,CPI,531
M_VD,36,Kumaran M,CPI(M),441
M_VD,37,Chandran T P,CPI(M),1056
M_VD,38,Safiya P,ML,541
M_VD,39,Jamal P K,ML,606
M_VD,40,Khalid Master,ML,608
M_VD,41,Ryhanathu Padayantavida,ML,450
M_VD,42,Shabana T H,ML,598
M_VD,43,Mikhdad Thayyil,INDEPENDENT,636
M_VD,44,Muhammed Rafi P P,ML,523
M_KD,1,K Subair,CPI(M),2072
M_KD,2,M Sreeja,CPI(M),2062
M_KD,3,Pushpalatha,DIC(K),1706
M_KD,4,M Bhaskaran,CPI(M),3034
M_KD,5,K Ratheedevi,CPI(M),1809
M_KD,6,M Mahendran Master,CPI(M),2107
M_KD,7,Anilkumar K C,INDEPENDENT,1704
M_KD,8,P K Mamukoya,INC,1558
M_KD,9,T K Venu,CPI(M),1252
M_KD,10,Adv. Prathapkumar,CPI(M),2007
M_KD,11,P T Vasunnikurup,DIC(K),2163
M_KD,12,Prameela Balagopal,DIC(K),1941
M_KD,13,K K Kunjimon,ML,1510
M_KD,14,P K Salini,CPI(M),2401
M_KD,15,V M Muhammad,CPI(M),1482
M_KD,16,V Sureshmaster,CPI(M),1951
M_KD,17,E M Girija,CPI(M),2592
M_KD,18,M P Suresh,CPI(M),2368
M_KD,19,Prof.M P Sethumadhavan Nair,CPI(M),2622
M_KD,20,Anilkumar M C,CPI(M),1955
M_KD,21,M K Sheeba,CPI(M),2167
M_KD,22,M Thankam,CPI(M),1677
M_KD,23,Manakkal Sasi,INC,1659
M_KD,24,K T Beerankoya,ML,2004
M_KD,25,C V Gireesh,CPI(M),1999
M_KD,26,Kanangottu Haridasan,CPI(M),2435
M_KD,27,P K Nassar,CPI,1630
M_KD,28,E C Satheesan,CPI,734
M_KD,29,K Najma,CPI(M),2311
M_KD,30,Suhara Avaran,ML,2666
M_KD,31,Chalana Sreemathi,DIC(K),1302
M_KD,32,Meladi Narayanan,CPI(M),2446
M_KD,33,A T Moideenkoya,ML,2350
M_KD,34,A M Mariyam Teacher,INL,2071
M_KD,35,Sobhana Thattari,NCP,1755
M_KD,36,Adv. H A Musthafa,CPI(M),2252
M_KD,37,Padiyeri Gopalakrishnan,JD(S),1575
M_KD,38,Jameela,CPI(M),2213
M_KD,39,V Prasanna,CPI(M),2252
M_KD,40,MAMMOOTH KOYA,DIC(K),1439
M_KD,41,Sakkaria P Hussain,INC,1838
M_KD,42,Hansa Jayanth,JD(S),1551
M_KD,43,Adv. Thomas Mathew T,JD(S),1830
M_KD,44,P DIVAKARAN,CPI(M),2017
M_KD,45,Anitha Rajan,DIC(K),1741
M_KD,46,M Krishnan,CPI(M),2283
M_KD,47,Sherly Pramod,DIC(K),1910
M_KD,48,Adv. U T Rajan,DIC(K),1357
M_KD,49,C K Renukadevi,CPI(M),1933
M_KD,50,POTTANGADI KISHANCHAND,JD(S),1793
M_KD,51,P Mamukoya Haji,ML,2188
M_KD,52,K V Baburaj,CPI(M),2233
M_KD,53,Prof.P T Abdul Latheef,CPI(M),1959
M_KD,54,Adv. V V Sivadasan,CPI(M),1884
M_KD,55,Asha Asokan,CPI,1986
